{
  "correlation": 0.9972711803563056,
  "p_value": 3.057439175619873e-33,
  "sample_size": 30,
  "timestamp": "3828.3177861"
}